"","outfit","z.outfit","infit","z.infit","Zh"
"1",0.89720883454193,-0.11014570061879,0.995480063031918,0.10210885974969,0.884112245343582
"2",0.306696999299995,-0.219355916625428,1.18895863442371,0.515931114380108,0.465441505161943
"3",0.231719492449992,-0.815125111493716,0.466497725199114,-0.944977662968078,0.217948658432493
"4",1.30925773242091,0.801391739321003,1.50167799246654,1.40701546854561,0.289315141743071
"5",0.384090516870771,-0.10792680572468,0.657655421096842,0.153946018527505,-0.42247240333261
"6",0.84409778203872,0.0658984265291778,1.13256565090924,0.426706092280207,0.12400917569967
"7",0.306696999299995,-0.219355916625428,1.18895863442371,0.515931114380108,0.465441505161943
"8",0.0241395595590179,-1.03685637648063,0.0586197841951451,-0.825881333134696,0.650710059531525
"9",0.600510053480314,-0.184679811098156,0.986147127809284,0.158555014036464,0.32181855084523
"10",0.397695708676713,-1.31342231879546,0.501711600137435,-1.73070992997835,1.80672743830946
"11",3.23550664346886,1.92866975484758,1.24604377673057,0.615469808766458,-1.66045086814293
"12",0.695459316273783,-0.163358481210117,0.888085726326377,-0.0956189531966369,0.367807514692226
"13",0.0241395595590179,-1.03685637648063,0.0586197841951451,-0.825881333134696,0.650710059531525
"14",0.383814516640618,-0.398340662756013,0.395559822086946,-1.04904640891343,-0.541978171588376
"15",0.0241395595590179,-1.03685637648063,0.0586197841951451,-0.825881333134696,0.650710059531525
"16",0.57580639999144,-0.554227984750542,0.756026177532744,-0.571152278469598,-0.135619038821699
"17",0.0241395595590179,-1.03685637648063,0.0586197841951451,-0.825881333134696,0.650710059531525
"18",0.754508251686531,-0.359313851411221,0.931451017218715,-0.10294780538152,0.181291269603978
"19",1.29449522512961,0.724600051716984,1.48133584815505,1.3927575951176,-0.327148148847664
"20",2.36959338600828,1.1782044820631,2.4587358909293,1.25505838066916,-0.527263296992628
"21",1.37139958366078,0.761473380892933,1.48528616012418,1.31549023531742,-1.04047322660617
"22",1.06396365297637,0.515698089606537,2.70859114860106,1.30857916318619,-0.386231894812617
"23",0.389806388295549,-0.100315241271156,0.716332018352618,-0.959805119659887,1.53186794310233
"24",3.22862262780753,1.75735071312488,2.27030512397983,1.79086781165319,-3.38931633822168
"25",0.306696999299995,-0.219355916625428,1.18895863442371,0.515931114380108,0.465441505161943
"26",0.0241395595590179,-1.03685637648063,0.0586197841951451,-0.825881333134696,0.650710059531525
"27",0.505291803802604,-0.64302657460168,0.728181099226578,-0.606079819411659,0.289399743752962
"28",0.0241395595590179,-1.03685637648063,0.0586197841951451,-0.825881333134696,0.650710059531525
"29",0.384090516870771,-0.10792680572468,0.657655421096842,0.153946018527505,-0.42247240333261
"30",0.898469273236799,0.0540492233008378,1.00573782583399,0.141727498410788,-0.183257968990904
"31",4.50496310306062,2.22432646530871,3.47918777637527,2.73603710994159,-3.14127466418778
"32",0.683874690161398,0.219030468231596,1.42180730140235,0.710546734987551,0.225236659702533
"33",0.458420591200814,-0.794169920290125,0.598714681463475,-1.23022788507431,1.4338306842928
"34",0.0241395595590179,-1.03685637648063,0.0586197841951451,-0.825881333134696,0.650710059531525
"35",0.0241395595590179,-1.03685637648063,0.0586197841951451,-0.825881333134696,0.650710059531525
"36",0.0241395595590179,-1.03685637648063,0.0586197841951451,-0.825881333134696,0.650710059531525
"37",1.86977079188077,0.981591384884107,1.05624287984377,0.310927343174205,-2.84279531237879
"38",0.421148076814294,-0.588637222734573,0.652497535102151,-0.625698364118864,0.569792093598655
"39",0.0241395595590179,-1.03685637648063,0.0586197841951451,-0.825881333134696,0.650710059531525
"40",0.0241395595590179,-1.03685637648063,0.0586197841951451,-0.825881333134696,0.650710059531525
"41",0.082643788018145,-0.725922555229801,0.255054218496681,-0.597955300190786,0.260091090748177
"42",0.0241395595590179,-1.03685637648063,0.0586197841951451,-0.825881333134696,0.650710059531525
"43",0.0241395595590179,-1.03685637648063,0.0586197841951451,-0.825881333134696,0.650710059531525
"44",0.0241395595590179,-1.03685637648063,0.0586197841951451,-0.825881333134696,0.650710059531525
"45",0.0241395595590179,-1.03685637648063,0.0586197841951451,-0.825881333134696,0.650710059531525
"46",0.683874690161398,0.219030468231596,1.42180730140235,0.710546734987551,0.225236659702533
"47",0.254103316488069,-0.306308085659668,0.650202306911496,0.18783819652822,-0.35715394926703
"48",0.520333372536312,-0.28516660306017,1.00252049461662,0.193299387345775,0.443095157199988
"49",2.66143569746103,1.28984551823492,1.59310594597912,0.860619123853262,-0.206942355638484
"50",0.964141634700828,0.235676945241387,0.980952769196638,0.123693615326474,-0.8444850548848
"51",0.584590552685246,-0.719516015659714,0.722499779285301,-0.799096018005739,0.173484345698275
"52",2.73800580108645,1.31777215785667,2.24369157156495,1.18115683134567,-0.56668176049146
"53",0.0241395595590179,-1.03685637648063,0.0586197841951451,-0.825881333134696,0.650710059531525
"54",0.26454766532741,-2.3676088163261,0.274118684236457,-3.01361072618671,1.59665415287464
"55",1.06709661978956,0.386026410961126,1.38791495467463,0.807300273341185,-0.672449657351562
"56",2.37416119956299,1.65594459941494,1.69752950856577,1.5467267072691,-0.512462904026636
"57",0.455890247188913,-1.46436736882532,0.548758099462779,-1.51085439578985,1.81307631606454
"58",1.1686531120174,0.584517823353011,1.58164119227498,0.861994366522051,-0.516258613579197
"59",0.582895373748602,-0.808800181211332,0.765967992263626,-0.665037286248151,1.57913325577023
"60",0.0241395595590179,-1.03685637648063,0.0586197841951451,-0.825881333134696,0.650710059531525
"61",0.505163391063725,-1.09412857746186,0.621424474732944,-1.23485230401947,1.45938346400369
"62",0.0241395595590179,-1.03685637648063,0.0586197841951451,-0.825881333134696,0.650710059531525
"63",0.0241395595590179,-1.03685637648063,0.0586197841951451,-0.825881333134696,0.650710059531525
"64",0.683874690161398,0.219030468231596,1.42180730140235,0.710546734987551,0.225236659702533
"65",0.427335806296463,-1.60817771666204,0.489942531785602,-1.75003759415625,1.42119434342718
"66",0.847405218633806,0.0676832434813402,1.10264900231659,0.368142059413804,-0.179952964178897
"67",0.433461032611791,-0.651689159392837,0.723808105712396,-0.506280729638156,1.08214307804399
"68",0.0241395595590179,-1.03685637648063,0.0586197841951451,-0.825881333134696,0.650710059531525
"69",0.0241395595590179,-1.03685637648063,0.0586197841951451,-0.825881333134696,0.650710059531525
"70",1.24005415717962,0.545727680892541,1.51104009763704,1.11674664572255,0.0549914172351066
"71",0.328538936619327,-1.0020556187238,0.3650591389737,-1.83344189891588,-0.354597369205581
"72",0.707551574370104,-0.185262013470746,1.05600458464445,0.2714856462569,0.440365415393905
"73",1.29690670920447,0.605309783975277,1.2988767250647,0.659795092618624,-0.71085134984619
"74",0.0241395595590179,-1.03685637648063,0.0586197841951451,-0.825881333134696,0.650710059531525
"75",1.79463929776118,0.927979572352287,1.62291113941396,0.873994505915156,-0.128024550097139
"76",0.306696999299995,-0.219355916625428,1.18895863442371,0.515931114380108,0.465441505161943
"77",1.82315671978423,0.946104274475628,2.01304756822161,1.30728149136235,-0.413747365727662
"78",0.0241395595590179,-1.03685637648063,0.0586197841951451,-0.825881333134696,0.650710059531525
"79",0.599808866738418,-0.00176366944459022,1.28927384214974,0.613883399872921,0.518419868553465
"80",0.0241395595590179,-1.03685637648063,0.0586197841951451,-0.825881333134696,0.650710059531525
"81",0.956142007200144,0.439922654592534,1.58133925391372,0.836526118519133,0.126061405689096
"82",0.202373444255489,-0.40448504964345,0.418953843996545,-0.41935080443497,0.192739762598731
"83",0.0241395595590179,-1.03685637648063,0.0586197841951451,-0.825881333134696,0.650710059531525
"84",2.05747678132948,1.04814291663217,2.33584423856906,1.21149641481141,-0.440453844066812
"85",0.0241395595590179,-1.03685637648063,0.0586197841951451,-0.825881333134696,0.650710059531525
"86",0.306696999299995,-0.219355916625428,1.18895863442371,0.515931114380108,0.465441505161943
"87",0.0241395595590179,-1.03685637648063,0.0586197841951451,-0.825881333134696,0.650710059531525
"88",0.468411240906021,-1.44418801459957,0.568220557673717,-1.38450943074572,2.16182743613395
"89",0.279901836162552,-1.18081485719163,0.380779399281438,-1.80615225680035,0.781782834099363
"90",0.505624364519657,-0.544656204227101,0.871817132483242,-0.153705923279719,0.969068423672183
"91",1.56807564773793,0.80455555526149,1.47485972288431,0.830131842856382,0.0615067726965857
"92",1.10983546154448,0.377808121698165,1.1786890405196,0.582819217649543,-0.97605688644151
"93",0.0241395595590179,-1.03685637648063,0.0586197841951451,-0.825881333134696,0.650710059531525
"94",0.0241395595590179,-1.03685637648063,0.0586197841951451,-0.825881333134696,0.650710059531525
"95",0.0241395595590179,-1.03685637648063,0.0586197841951451,-0.825881333134696,0.650710059531525
"96",0.0241395595590179,-1.03685637648063,0.0586197841951451,-0.825881333134696,0.650710059531525
"97",0.609193616752538,-0.0761220204916843,0.639248638477574,-0.460405638682544,-0.661721993405535
"98",0.0241395595590179,-1.03685637648063,0.0586197841951451,-0.825881333134696,0.650710059531525
"99",0.0241395595590179,-1.03685637648063,0.0586197841951451,-0.825881333134696,0.650710059531525
"100",0.0241395595590179,-1.03685637648063,0.0586197841951451,-0.825881333134696,0.650710059531525
"101",2.93018003943053,2.22481580510811,1.79872661433768,1.8448456732243,-1.44974891055036
"102",0.507382217306632,0.0245645267016659,0.400567142227168,-0.718908402109968,-0.236062036764214
"103",1.39472955510726,0.797024048628392,1.30268889884536,0.904657659218681,-2.8505445878178
"104",0.082643788018145,-0.725922555229801,0.255054218496681,-0.597955300190786,0.260091090748177
"105",0.082643788018145,-0.725922555229801,0.255054218496681,-0.597955300190786,0.260091090748177
"106",2.08414355424602,1.36068433128827,2.05475000306441,2.01337771011796,-0.833608739465545
"107",3.53989098000047,1.58401216586166,1.97206285972057,1.20840719297391,-0.529243254974783
"108",0.692655350972376,0.226995408231256,0.620056896402071,0.0251802699797682,-0.388908833413867
"109",0.455890247188913,-1.46436736882532,0.548758099462779,-1.51085439578985,1.81307631606454
"110",0.0241395595590179,-1.03685637648063,0.0586197841951451,-0.825881333134696,0.650710059531525
"111",0.202373444255489,-0.40448504964345,0.418953843996545,-0.41935080443497,0.192739762598731
"112",0.956142007200144,0.439922654592534,1.58133925391372,0.836526118519133,0.126061405689096
"113",0.956270199366487,0.0951390960020009,0.823027472802492,-0.451274749308709,0.699852697506147
"114",0.633542960066202,-0.340235048366134,0.792774169819404,-0.387580675153325,-0.162336310463927
"115",0.471416314536674,-1.16726417221575,0.600513967764144,-1.31854291770807,2.09921767427831
"116",0.0241395595590179,-1.03685637648063,0.0586197841951451,-0.825881333134696,0.650710059531525
"117",2.36959338600828,1.1782044820631,2.4587358909293,1.25505838066916,-0.527263296992628
"118",1.05299067965485,0.508227389173016,1.49624829188786,0.796776782206095,-1.23919397104014
"119",0.0241395595590179,-1.03685637648063,0.0586197841951451,-0.825881333134696,0.650710059531525
"120",0.642931714162866,-0.735713363122397,0.817271872445278,-0.48648853362774,1.44265888468249
"121",0.0241395595590179,-1.03685637648063,0.0586197841951451,-0.825881333134696,0.650710059531525
"122",0.0241395595590179,-1.03685637648063,0.0586197841951451,-0.825881333134696,0.650710059531525
"123",0.384090516870771,-0.10792680572468,0.657655421096842,0.153946018527505,-0.42247240333261
"124",0.426609930308259,-0.146291064357354,0.88895671285364,0.0950651547619838,0.268784325022897
"125",0.0241395595590179,-1.03685637648063,0.0586197841951451,-0.825881333134696,0.650710059531525
"126",0.736789367656817,0.1713948879645,0.48103314126671,-0.671442101540761,0.35950764290606
"127",0.0241395595590179,-1.03685637648063,0.0586197841951451,-0.825881333134696,0.650710059531525
"128",0.0241395595590179,-1.03685637648063,0.0586197841951451,-0.825881333134696,0.650710059531525
"129",1.11521603448153,0.385194506326905,1.41289652871279,1.14014494415471,0.340709424152223
"130",0.0241395595590179,-1.03685637648063,0.0586197841951451,-0.825881333134696,0.650710059531525
"131",0.626748024266219,-0.372378826042706,0.902650951934042,-0.105883080129018,1.12805024826039
"132",0.0241395595590179,-1.03685637648063,0.0586197841951451,-0.825881333134696,0.650710059531525
"133",0.303606530643649,-0.292353079393423,0.352709610011276,-0.881933983230819,-0.0508044656573126
"134",0.467815717168923,-0.00316154370919625,1.11776005934412,0.422015482306037,-0.215096628243995
"135",0.70938939800743,0.07637013685876,1.46260829422104,0.841223208614559,0.366433545524482
"136",0.136026412173986,-0.588269811031505,0.256463726059975,-1.10076883938773,0.16540348664587
"137",1.44917064990374,0.750643448234613,0.663191394067486,0.0847022133909037,-0.66494478621677
"138",0.599808866738418,-0.00176366944459022,1.28927384214974,0.613883399872921,0.518419868553465
"139",0.92269482344993,0.0940680830929614,1.20051460907132,0.622326433568374,0.534570561596062
"140",0.611182119270759,0.032099449975348,0.644074437092526,-0.340664910813808,-0.403504409804066
"141",0.692655350972376,0.226995408231256,0.620056896402071,0.0251802699797682,-0.388908833413867
"142",1.66548660094585,0.862361398761278,1.5438145729009,0.893377962515995,-0.0204857264623038
"143",0.0241395595590179,-1.03685637648063,0.0586197841951451,-0.825881333134696,0.650710059531525
"144",1.06396365297637,0.515698089606537,2.70859114860106,1.30857916318619,-0.386231894812617
"145",1.14581794245951,0.465201108823567,1.64608577987601,1.15051604638723,-0.666004513694012
"146",0.425940027002434,-0.150638929846164,0.365465480005551,-0.898090764922866,-0.143335245540738
"147",0.954074490209945,0.0687714334646637,1.25086260790202,0.818439068714854,0.790556774809368
"148",0.0241395595590179,-1.03685637648063,0.0586197841951451,-0.825881333134696,0.650710059531525
"149",0.426609930308259,-0.146291064357354,0.88895671285364,0.0950651547619838,0.268784325022897
"150",0.769319394422973,0.202995668834671,0.680623936621033,-0.268230433903319,-0.554661889184279
"151",0.306696999299995,-0.219355916625428,1.18895863442371,0.515931114380108,0.465441505161943
"152",1.10676963937806,0.489120336267021,0.852948520206121,0.0163977124324446,-1.45694029188646
"153",0.0241395595590179,-1.03685637648063,0.0586197841951451,-0.825881333134696,0.650710059531525
"154",2.4615571941721,2.52866657835563,2.26130788957336,2.94305399696234,-4.48980870494816
"155",2.12782509005457,1.72137263682165,2.05474393924326,2.49305134707421,-3.07676021005863
"156",0.0241395595590179,-1.03685637648063,0.0586197841951451,-0.825881333134696,0.650710059531525
"157",1.0072948147136,0.158193140063355,0.886740731023358,-0.231453422098582,-0.878124398090557
"158",2.91533669454714,1.42487547381442,2.34558810629608,1.5629882481102,-0.845176170431685
"159",0.744230888226363,-0.0314505318186682,0.643741082376542,-0.632643097372556,0.131878617065655
"160",0.805693482841617,-0.10327809831632,1.13197350324179,0.459105116861152,0.837203393247029
"161",0.0241395595590179,-1.03685637648063,0.0586197841951451,-0.825881333134696,0.650710059531525
"162",0.600835218459935,-0.638432286444805,0.819255371860784,-0.445129814047613,0.604454665575192
"163",0.152833399066692,-0.915460670924237,0.239752144770016,-1.56467419496223,-0.178689314375155
"164",1.39683302014388,0.72138889658082,0.903991752037651,0.239476637652785,-1.38600277014457
"165",0.0241395595590179,-1.03685637648063,0.0586197841951451,-0.825881333134696,0.650710059531525
"166",2.55297268228105,1.24935478761996,3.51241381271617,1.82941001056107,-1.17475019082072
"167",0.384090516870771,-0.10792680572468,0.657655421096842,0.153946018527505,-0.42247240333261
"168",0.082643788018145,-0.725922555229801,0.255054218496681,-0.597955300190786,0.260091090748177
"169",0.469462048329761,-0.387465208859104,0.572029717088142,-0.730482262866823,-0.354353087835942
"170",0.660622451004832,-0.395135208106555,0.974390882132628,0.0557819669342285,1.03994611204919
"171",0.0241395595590179,-1.03685637648063,0.0586197841951451,-0.825881333134696,0.650710059531525
"172",0.361296586868128,-0.592843850899967,0.563517673763732,-0.752886269846996,-0.0229571063762392
"173",0.0241395595590179,-1.03685637648063,0.0586197841951451,-0.825881333134696,0.650710059531525
"174",0.082643788018145,-0.725922555229801,0.255054218496681,-0.597955300190786,0.260091090748177
"175",0.56401543913072,-0.63607003972352,0.808099438974486,-0.440633458424511,1.04148361021876
"176",0.254103316488069,-0.306308085659668,0.650202306911496,0.18783819652822,-0.35715394926703
"177",0.0241395595590179,-1.03685637648063,0.0586197841951451,-0.825881333134696,0.650710059531525
"178",1.38180721916568,0.76822739166079,1.48617328868712,1.30260972744773,-0.398705553247418
"179",0.0241395595590179,-1.03685637648063,0.0586197841951451,-0.825881333134696,0.650710059531525
"180",0.0241395595590179,-1.03685637648063,0.0586197841951451,-0.825881333134696,0.650710059531525
"181",0.830066276404811,-0.155888744360541,0.776073530214658,-0.56209750211134,-2.48659290052306
"182",0.28800773119244,-0.638156149791917,0.3044063028791,-1.41444935464933,-0.0912636675076643
"183",0.594529614250774,-0.809652590434337,0.74374793355878,-0.751250030508179,0.84540918417674
"184",0.955402004079107,0.0884290611463095,0.848320878507156,-0.370333019633451,0.795037089242402
"185",0.0241395595590179,-1.03685637648063,0.0586197841951451,-0.825881333134696,0.650710059531525
"186",0.495971693896734,0.029234670172744,0.504279586568229,-0.315267317440255,-0.0605061353657056
"187",0.419871149015935,-0.385154415027634,0.433698475463237,-1.00222869503601,-0.33100178207775
"188",0.0241395595590179,-1.03685637648063,0.0586197841951451,-0.825881333134696,0.650710059531525
"189",6.3242116621123,2.27300733615998,0.57582645715948,-0.175310359881044,-0.726450842410929
"190",1.14563509771251,0.494714986146084,1.70808902819223,1.12017745734048,0.0197737482893143
"191",0.69921852682315,0.232905012553425,1.4206479697265,0.721958285525386,-0.411140948962983
"192",0.406688596306696,-1.67033246600831,0.478372404014724,-1.83465118669392,1.92290534147963
"193",7.2811592687447,2.84298251850091,3.79012751847636,2.73165088703021,-2.69884045766496
"194",0.668165823852933,-0.0267361554571726,0.82079168010938,-0.117974583662242,0.00861490223917931
"195",0.136026412173986,-0.588269811031505,0.256463726059975,-1.10076883938773,0.16540348664587
"196",0.0241395595590179,-1.03685637648063,0.0586197841951451,-0.825881333134696,0.650710059531525
"197",0.306696999299995,-0.219355916625428,1.18895863442371,0.515931114380108,0.465441505161943
"198",0.0241395595590179,-1.03685637648063,0.0586197841951451,-0.825881333134696,0.650710059531525
"199",0.202373444255489,-0.40448504964345,0.418953843996545,-0.41935080443497,0.192739762598731
"200",0.486645413887184,-0.417499678758202,0.557842680570474,-0.838612206541379,-0.0259556078686324
"201",0.0241395595590179,-1.03685637648063,0.0586197841951451,-0.825881333134696,0.650710059531525
"202",0.0241395595590179,-1.03685637648063,0.0586197841951451,-0.825881333134696,0.650710059531525
"203",3.15549500270979,1.4615338697675,0.898331476582417,0.191798673278554,-1.63035632681342
"204",0.0241395595590179,-1.03685637648063,0.0586197841951451,-0.825881333134696,0.650710059531525
"205",0.334590004761224,-1.30236658209271,0.476318290742477,-1.69801852162207,1.52860814536342
"206",0.489464991856983,-0.37947761638008,0.911049425581017,0.011105954851173,0.505190451153772
"207",0.386539534468081,-1.62325855248337,0.454631893419393,-1.83235953378157,2.31849999953503
"208",6.00648078337044,2.52246084474517,1.67727961313437,1.06552123916694,-1.2738818136592
"209",1.13403225169731,0.429308652113984,0.912811554582683,-0.165705195826749,0.19323434777927
"210",0.288935702454372,-0.399071832132606,0.71928895337858,-0.187622389355657,0.131493305840391
"211",0.0241395595590179,-1.03685637648063,0.0586197841951451,-0.825881333134696,0.650710059531525
"212",1.44917064990374,0.750643448234613,0.663191394067486,0.0847022133909037,-0.66494478621677
"213",0.0241395595590179,-1.03685637648063,0.0586197841951451,-0.825881333134696,0.650710059531525
"214",0.415032151509471,-0.0675841860771279,1.18742162869502,0.498658032687538,-0.210305835197906
"215",1.34835221044487,0.684676678166525,1.44264256839314,1.10102123643896,-0.0398622446906623
"216",0.33381621562652,-0.811500709229097,0.477181538159993,-1.17050441352431,0.355999785812182
"217",0.306696999299995,-0.219355916625428,1.18895863442371,0.515931114380108,0.465441505161943
"218",0.0241395595590179,-1.03685637648063,0.0586197841951451,-0.825881333134696,0.650710059531525
"219",0.649277406545266,-0.510435021713862,0.898641805007079,-0.187004306325124,1.39055561769914
"220",0.694264327810626,0.228447602966301,0.92638420114002,0.301540468044776,-1.38929146390524
"221",0.422899212427536,-1.22438117098544,0.566353084524897,-1.43556498456598,1.52681991523589
"222",0.0241395595590179,-1.03685637648063,0.0586197841951451,-0.825881333134696,0.650710059531525
"223",0.0241395595590179,-1.03685637648063,0.0586197841951451,-0.825881333134696,0.650710059531525
"224",0.223051445363019,-0.755005193183516,0.28514334910547,-1.43679900059779,-0.00825709132442977
"225",2.23472482344355,1.56094155503167,2.37307856738238,2.61459126536421,-1.75223024583097
"226",0.0241395595590179,-1.03685637648063,0.0586197841951451,-0.825881333134696,0.650710059531525
"227",0.505654160818462,-1.29585810714916,0.502535432530981,-1.70011279123482,0.72992733154372
"228",4.81867715550879,4.57447268846643,3.04349273897681,4.22741708422355,-6.14885140419187
"229",0.388727734152423,-0.243239400612497,0.48577160399941,-0.650866033921177,-0.67076378478969
"230",0.0241395595590179,-1.03685637648063,0.0586197841951451,-0.825881333134696,0.650710059531525
"231",0.0241395595590179,-1.03685637648063,0.0586197841951451,-0.825881333134696,0.650710059531525
"232",1.73096026907191,1.31912450575841,1.86373823945241,2.18823806412069,-1.76718028487676
"233",0.0241395595590179,-1.03685637648063,0.0586197841951451,-0.825881333134696,0.650710059531525
"234",0.254103316488069,-0.306308085659668,0.650202306911496,0.18783819652822,-0.35715394926703
"235",2.45872840696939,2.05741578595195,1.72028345890087,1.84978204373651,-2.42487035589293
"236",0.25230091937447,-0.691743394433534,0.345511798277084,-1.23724875371027,-0.364045870621875
"237",0.0241395595590179,-1.03685637648063,0.0586197841951451,-0.825881333134696,0.650710059531525
"238",0.38083636061352,-0.280107850346866,0.732665103798712,-0.184195114463874,0.299239467891298
"239",0.0241395595590179,-1.03685637648063,0.0586197841951451,-0.825881333134696,0.650710059531525
"240",0.0241395595590179,-1.03685637648063,0.0586197841951451,-0.825881333134696,0.650710059531525
"241",0.362608792431281,-0.82542411950624,0.444853425809148,-1.38792883239704,-0.558995872410565
"242",2.18738503563427,1.11554549915166,1.57304914236494,0.89131034616326,-0.867864530666864
"243",0.082643788018145,-0.725922555229801,0.255054218496681,-0.597955300190786,0.260091090748177
"244",0.0241395595590179,-1.03685637648063,0.0586197841951451,-0.825881333134696,0.650710059531525
"245",0.557545345642563,-1.08583869248481,0.665890063102601,-1.02601276343859,-1.01607387109375
"246",1.03732075180446,0.361719444599236,1.03950777840445,0.258282778441043,-2.76882712624576
"247",1.25816655149876,0.640169965208618,2.06951645414744,1.23786574227854,-0.230411396006913
"248",1.91412278311153,0.983965804234099,2.26839899749759,1.2368576826445,-1.16544265195218
"249",2.36959338600828,1.1782044820631,2.4587358909293,1.25505838066916,-0.527263296992628
"250",0.0241395595590179,-1.03685637648063,0.0586197841951451,-0.825881333134696,0.650710059531525
"251",0.683874690161398,0.219030468231596,1.42180730140235,0.710546734987551,0.225236659702533
"252",0.505624364519657,-0.544656204227101,0.871817132483242,-0.153705923279719,0.969068423672183
"253",0.136026412173986,-0.588269811031505,0.256463726059975,-1.10076883938773,0.16540348664587
"254",2.25427603015633,1.6892484402949,1.21300233325046,0.66075002647759,-5.1280353314119
"255",0.370758494924969,-0.880550332552156,0.394590209908346,-1.69298404575501,-0.517754157001
"256",0.545638287230134,-0.623579854160116,0.763772979450195,-0.547750630693937,1.3207643122277
"257",0.0241395595590179,-1.03685637648063,0.0586197841951451,-0.825881333134696,0.650710059531525
"258",0.376708091980238,-1.63252140101477,0.460630255830571,-1.97804463656958,1.16928447562216
"259",0.373241648411776,-0.811430580740171,0.593677878134253,-0.89713322897523,1.24638518376366
"260",0.0241395595590179,-1.03685637648063,0.0586197841951451,-0.825881333134696,0.650710059531525
"261",2.31100355311354,1.80260805618738,2.12870038875199,2.54302247322281,-1.19558977698384
"262",0.644659767565506,-0.124314380029771,0.965054464422232,0.11831760692742,-0.335793735841916
"263",0.306696999299995,-0.219355916625428,1.18895863442371,0.515931114380108,0.465441505161943
"264",0.965829720804842,0.295084384153284,1.07091912881913,0.312878315738818,-0.959458870808124
"265",0.0241395595590179,-1.03685637648063,0.0586197841951451,-0.825881333134696,0.650710059531525
"266",0.44118645792796,-0.329773339103574,0.442657272003702,-0.951422282581911,-0.366763738501639
"267",0.0241395595590179,-1.03685637648063,0.0586197841951451,-0.825881333134696,0.650710059531525
"268",0.0241395595590179,-1.03685637648063,0.0586197841951451,-0.825881333134696,0.650710059531525
"269",0.462212548957229,-0.490428173211857,0.743254837867665,-0.384649575068374,-0.11715023119336
"270",0.0241395595590179,-1.03685637648063,0.0586197841951451,-0.825881333134696,0.650710059531525
"271",0.0241395595590179,-1.03685637648063,0.0586197841951451,-0.825881333134696,0.650710059531525
"272",1.4486236288937,0.747581115519617,2.20436061411644,1.39348510603165,-0.418178474702848
"273",0.0241395595590179,-1.03685637648063,0.0586197841951451,-0.825881333134696,0.650710059531525
"274",0.0241395595590179,-1.03685637648063,0.0586197841951451,-0.825881333134696,0.650710059531525
"275",0.0241395595590179,-1.03685637648063,0.0586197841951451,-0.825881333134696,0.650710059531525
"276",0.0241395595590179,-1.03685637648063,0.0586197841951451,-0.825881333134696,0.650710059531525
"277",0.0241395595590179,-1.03685637648063,0.0586197841951451,-0.825881333134696,0.650710059531525
"278",1.79463929776118,0.927979572352287,1.62291113941396,0.873994505915156,-0.128024550097139
"279",0.613609192668693,-0.481869629479226,0.699695766506926,-0.76244336503495,0.462862388006898
"280",0.254103316488069,-0.306308085659668,0.650202306911496,0.18783819652822,-0.35715394926703
"281",1.07475938437928,0.342709849318758,1.37395560908137,0.93340578221765,0.39860415638709
"282",1.53363480202763,0.782975117214006,1.55915320379636,0.918223576266461,-1.36470302786002
"283",0.082643788018145,-0.725922555229801,0.255054218496681,-0.597955300190786,0.260091090748177
"284",0.0241395595590179,-1.03685637648063,0.0586197841951451,-0.825881333134696,0.650710059531525
"285",0.0241395595590179,-1.03685637648063,0.0586197841951451,-0.825881333134696,0.650710059531525
"286",0.390228779148982,-0.691737591487083,0.532724856696964,-1.00582658117418,-0.203676935923866
"287",0.379049083874425,-0.114703179400168,0.469642882534259,-0.426901236994662,-0.592117039800603
"288",0.306696999299995,-0.219355916625428,1.18895863442371,0.515931114380108,0.465441505161943
"289",0.0241395595590179,-1.03685637648063,0.0586197841951451,-0.825881333134696,0.650710059531525
"290",0.0241395595590179,-1.03685637648063,0.0586197841951451,-0.825881333134696,0.650710059531525
"291",0.0241395595590179,-1.03685637648063,0.0586197841951451,-0.825881333134696,0.650710059531525
"292",0.0241395595590179,-1.03685637648063,0.0586197841951451,-0.825881333134696,0.650710059531525
"293",0.683874690161398,0.219030468231596,1.42180730140235,0.710546734987551,0.225236659702533
"294",0.0241395595590179,-1.03685637648063,0.0586197841951451,-0.825881333134696,0.650710059531525
"295",0.882667316461959,0.0740208390784046,1.12337024872697,0.421512454627447,-0.250318962256608
"296",1.23627719711447,0.558497234510303,1.37201927082717,0.749104372603552,-0.34459734493409
"297",0.306696999299995,-0.219355916625428,1.18895863442371,0.515931114380108,0.465441505161943
"298",0.0241395595590179,-1.03685637648063,0.0586197841951451,-0.825881333134696,0.650710059531525
"299",0.0241395595590179,-1.03685637648063,0.0586197841951451,-0.825881333134696,0.650710059531525
"300",0.719024156807047,-0.242533539352214,1.00581389220873,0.145246447277697,0.491717558066185
"301",1.06396365297637,0.515698089606537,2.70859114860106,1.30857916318619,-0.386231894812617
"302",0.0241395595590179,-1.03685637648063,0.0586197841951451,-0.825881333134696,0.650710059531525
"303",0.0241395595590179,-1.03685637648063,0.0586197841951451,-0.825881333134696,0.650710059531525
"304",0.462056680578604,-0.563895387963239,0.453156290750765,-1.30559593137631,-1.12520473967472
"305",0.0241395595590179,-1.03685637648063,0.0586197841951451,-0.825881333134696,0.650710059531525
"306",3.28275592209712,2.943050619441,2.70543232807235,3.65282542567176,-2.65251126996979
"307",1.05872046280309,0.307774227627978,1.27554807906787,0.783996745054429,0.593000456453269
"308",0.0241395595590179,-1.03685637648063,0.0586197841951451,-0.825881333134696,0.650710059531525
"309",0.384090516870771,-0.10792680572468,0.657655421096842,0.153946018527505,-0.42247240333261
"310",0.426609930308259,-0.146291064357354,0.88895671285364,0.0950651547619838,0.268784325022897
"311",0.0241395595590179,-1.03685637648063,0.0586197841951451,-0.825881333134696,0.650710059531525
"312",0.0241395595590179,-1.03685637648063,0.0586197841951451,-0.825881333134696,0.650710059531525
"313",0.756084679943837,0.282623384132559,0.911061531414879,0.263884291126179,-1.39867980317079
"314",1.2769518351669,0.582849337940272,0.632153916981322,-0.64433377402773,-0.567934060733997
"315",8.15002055581853,3.27523353009799,4.11414387217507,3.17598307479495,-3.50726857583767
"316",0.306696999299995,-0.219355916625428,1.18895863442371,0.515931114380108,0.465441505161943
"317",0.408552057103645,-0.468521341982156,0.598345672453865,-0.635106959444083,-0.0908909410390429
"318",0.0241395595590179,-1.03685637648063,0.0586197841951451,-0.825881333134696,0.650710059531525
"319",0.476602287131369,-0.179847469005405,1.11101245776359,0.383992302118638,0.648191728164346
"320",1.23922963338191,0.577510834174029,1.13446257490965,0.485948606847582,-1.18135991816313
"321",0.303606530643649,-0.292353079393423,0.352709610011276,-0.881933983230819,-0.0508044656573126
"322",0.082643788018145,-0.725922555229801,0.255054218496681,-0.597955300190786,0.260091090748177
"323",1.97529692791491,1.80331410583286,1.9333763848229,2.36075672950794,-3.42155610234886
"324",1.54847760924308,1.05457945835334,1.56690559240943,1.55454613747479,-1.60834019305486
"325",0.0241395595590179,-1.03685637648063,0.0586197841951451,-0.825881333134696,0.650710059531525
"326",0.0241395595590179,-1.03685637648063,0.0586197841951451,-0.825881333134696,0.650710059531525
"327",0.956142007200144,0.439922654592534,1.58133925391372,0.836526118519133,0.126061405689096
"328",1.50086493686161,0.84383811510515,1.56867941329496,1.29925820965219,-1.3823285500687
"329",0.0241395595590179,-1.03685637648063,0.0586197841951451,-0.825881333134696,0.650710059531525
"330",1.26949336384572,0.587235335281201,1.53788512121205,0.953905287738313,0.0967569793065208
"331",2.55297268228105,1.24935478761996,3.51241381271617,1.82941001056107,-1.17475019082072
"332",1.06168071825834,0.373778692110116,1.07293636486908,0.312089884155886,-0.41031075030763
"333",1.06396365297637,0.515698089606537,2.70859114860106,1.30857916318619,-0.386231894812617
"334",0.0241395595590179,-1.03685637648063,0.0586197841951451,-0.825881333134696,0.650710059531525
"335",0.0241395595590179,-1.03685637648063,0.0586197841951451,-0.825881333134696,0.650710059531525
"336",6.3242116621123,2.27300733615998,0.57582645715948,-0.175310359881044,-0.726450842410929
"337",0.306696999299995,-0.219355916625428,1.18895863442371,0.515931114380108,0.465441505161943
"338",0.34442714971209,-1.89289831346844,0.383866414330198,-2.20744909321176,1.58552053383739
"339",0.0241395595590179,-1.03685637648063,0.0586197841951451,-0.825881333134696,0.650710059531525
"340",0.306696999299995,-0.219355916625428,1.18895863442371,0.515931114380108,0.465441505161943
"341",0.895181028696055,0.12125112030118,1.14693752823445,0.459974516545028,0.274023726370465
"342",0.374905198763253,-1.3130849815162,0.496441701258191,-1.7136562369333,0.232996051998058
"343",2.14336778699847,1.79377901451101,0.983470625904824,0.0624219323039538,0.270782155340795
"344",0.0241395595590179,-1.03685637648063,0.0586197841951451,-0.825881333134696,0.650710059531525
"345",0.692655350972376,0.226995408231256,0.620056896402071,0.0251802699797682,-0.388908833413867
"346",0.4370624734815,-0.0400677680465401,0.652621722344785,-0.158483685525834,-1.15704089573378
